{
    "author": "DerGoogler",
    "logo": "https://github.com/DerGoogler/MMRL/blob/master/Android/app/src/main/ic_launcher-playstore.png?raw=true",
    "cover": "https://mmrl.dergoogler.com/assets/MMRL-Cover.png",
    "screenshots": [
        "https://github.com/Googlers-Repo/googlers-repo.github.io/assets/54764558/f5b7d396-781e-463a-b4ed-dc345cc15ba3I",
        "https://github.com/Googlers-Repo/googlers-repo.github.io/assets/54764558/0a03c54a-3064-4ed0-a69b-90db437bd9f0",
        "https://github.com/Googlers-Repo/googlers-repo.github.io/assets/54764558/8fbc9621-fe85-4b66-8070-271599f87d38"
    ],
    "categories": [
        "Tools",
        "System",
        "Configurable"
    ],
    "developerNote": {
        "severity": "info",
        "note": "First installation? Then please install GitHub release first."
    }
}
