{
  "com.dti.tracfone": {
    "list": "Carrier",
    "description": "Installs sponsored apps automatically on Tracfone and affiliated carriers (Straight Talk, Total Wireless, etc) \n",
    "dependencies": [],
    "neededBy": [],
    "labels": [],
    "removal": "Recommended"
  },
  "com.sony.tvsideview.videoph": {
    "list": "Oem",
    "description": "Video & TV SideView (replaced by https://play.google.com/store/apps/details?id=com.sony.tvsideview.phone)\nLets you use your smartphone or tablet as a TV remote control for the home. \n",
    "dependencies": [],
    "neededBy": [],
    "labels": [],
    "removal": "Recommended"
  },
  "com.sony.tvsideview.phone": {
    "list": "Oem",
    "description": "Sony's TV remote control app\nhttps://play.google.com/store/apps/details?id=com.sony.tvsideview.phone",
    "dependencies": [],
    "neededBy": [],
    "labels": [],
    "removal": "Recommended"
  },
  "com.sonyericsson.trackid.res.overlay": {
    "list": "Oem",
    "description": "Some overlay for TrackID. Overlays are usually themes.\nTrackID was(now discontinued) a music and audio search engine (like Shazam).",
    "dependencies": [],
    "neededBy": [],
    "labels": [],
    "removal": "Expert"
  },
  "com.sonyericsson.unsupportedheadsetnotifier": {
    "list": "Oem",
    "description": "Given its name, I think it displays a notification when you insert a headset not compatible with your phone.\n",
    "dependencies": [],
    "neededBy": [],
    "labels": [],
    "removal": "Advanced"
  },
  "com.sonymobile.xperiaservices": {
    "list": "Oem",
    "description": "Xperia services\nI guess it provides things for Sony apps but I don't know what.\nSafe to remove but it would good be to know what Sony apps work without it.\n",
    "dependencies": [],
    "neededBy": [],
    "labels": [],
    "removal": "Recommended"
  },
  "com.sonymobile.xperiatransfermobile": {
    "list": "Oem",
    "description": "Xperia Transfer Mobile (https://play.google.com/store/apps/details?id=com.sonymobile.xperiatransfermobile)\nHelps you move your contacts, messages, photos, and much more from your old Android, iOS or Windows Phone device to your new Xperia from Sony.\n",
    "dependencies": [],
    "neededBy": [],
    "labels": [],
    "removal": "Recommended"
  },
  "com.android.connectivity.resources": {
    "list": "Aosp",
    "description": "Network connectivity resources.\nCause BOOTLOOP.",
    "dependencies": [],
    "neededBy": [],
    "labels": [],
    "removal": "Unsafe"
  },
  "com.android.frameworkhwext.dark": {
    "list": "Aosp",
    "description": "Required components of the androidhwext.\nBasic functionality of Huawei Phones.",
    "dependencies": [],
    "neededBy": [],
    "labels": [],
    "removal": "Unsafe"
  },
  "com.android.systemui.plugin.globalactions.wallet": {
    "list": "Google",
    "description": "Apk file name: QuickAccessWallet\nThis is the Google Pay widget in the power menu(hold power button for 1sec to show this menu), below the Emergency, Power off and Reboot buttons.",
    "dependencies": [],
    "neededBy": [],
    "labels": [],
    "removal": "Recommended"
  },
  "com.android.systemui.theme.dark": {
    "list": "Aosp",
    "description": "Enables you to use Android dark theme.",
    "dependencies": [],
    "neededBy": [],
    "labels": [],
    "removal": "Expert"
  },
  "com.mediatek.gba": {
    "list": "Misc",
    "description": "Generic Bootstrapping Architecture.\nHas ims, X-TMUS-IMEI, bsf.msg.lab.t-mobile.com things to encrypted calls ims probably\n(thinking by looking at the classes.dex code). Connects to site bsf.ims.mncXXX.pub.3gppnetwork.org.",
    "dependencies": [],
    "neededBy": [],
    "labels": [],
    "removal": "Advanced"
  },
  "com.adups.fota.sysoper": {
    "list": "Misc",
    "description": "UpgradeSys\nFOTA = Firmware Over-the-air. Has a history of spying its users.\nhttps://www.malwarebytes.com/blog/news/2017/12/mobile-menace-monday-upping-the-ante-on-adups-fwupgradeprovider\nhttps://www.cvedetails.com/vulnerability-list/vendor_id-16034/product_id-35606/year-2017/Adups-Adups-Fota.html",
    "dependencies": [],
    "neededBy": [],
    "labels": [],
    "removal": "Recommended"
  },
  "com.adaptivebrightnessgo": {
    "list": "Oem",
    "description": "Not related to adaptive brightness in the sliding bar. The APK is called `CameraLightSensor`, so I guess it's for the camera.",
    "dependencies": [],
    "neededBy": [],
    "labels": [],
    "removal": "Advanced"
  },
  "com.fw.upgrade.sysoper": {
    "list": "Misc",
    "description": "UpgradeSys\nFOTA = Firmware Over-the-air. Has a history of spying its users.\nhttps://www.malwarebytes.com/blog/news/2017/12/mobile-menace-monday-upping-the-ante-on-adups-fwupgradeprovider\nhttps://www.cvedetails.com/vulnerability-list/vendor_id-16034/product_id-35606/year-2017/Adups-Adups-Fota.html",
    "dependencies": [],
    "neededBy": [],
    "labels": [],
    "removal": "Recommended"
  },
  "com.mediatek.camera": {
    "list": "Misc",
    "description": "Stock Camera app on some Mediatek phones.",
    "dependencies": [],
    "neededBy": [],
    "labels": [],
    "removal": "Advanced"
  },
  "com.android.protips": {
    "list": "Aosp",
    "description": "Home screen tips\nRuns on boot.\nThe tip popups you get on the homescreen.",
    "dependencies": [],
    "neededBy": [],
    "labels": [],
    "removal": "Recommended"
  }
}