{
  "categories": [
    {
      "id": "essential",
      "name": "Essential",
      "description": "Critical system components. Removing these may break core functionality.",
      "color": "#ff6b6b"
    },
    {
      "id": "caution",
      "name": "Caution",
      "description": "This might be used by other system components.",
      "color": "#ff5722"
    },
    {
      "id": "safe",
      "name": "Safe",
      "description": "Non-essential apps that can be removed without affecting system stability.",
      "color": "#4caf50"
    },
    {
      "id": "google",
      "name": "Google",
      "description": "Google apps and services that may be required for the Play Store ecosystem.",
      "color": "#4285f4"
    },
    {
      "id": "unknown",
      "name": "Unknown",
      "description": "Apps with unknown classification.",
      "color": "#9e9e9e",
      "icon": "help"
    }
  ],
  "apps": {
    "// ESSENTIAL SYSTEM COMPONENTS - DO NOT REMOVE THESE OR YOUR DEVICE MAY BRICK/BOOTLOOP": "",
    "com.android.settings": "essential",
    "com.android.systemui": "essential",
    "com.android.updater": "essential",
    "com.lbe.security.miui": "essential",
    "com.miui.guardprovider": "essential",
    "com.miui.home": "essential",
    "com.miui.packageinstaller": "essential",
    "com.miui.securityadd": "essential",
    "com.miui.securitycenter": "essential",
    "com.xiaomi.account": "essential",
    "com.xiaomi.finddevice": "essential",
    
    "// REMOVE WITH CAUTION - REMOVING THESE MAY AFFECT SYSTEM FUNCTIONALITY": "",
    "com.android.backupconfirm": "caution",
    "com.android.bips": "caution",
    "com.android.bluetooth": "caution",
    "com.android.hotwordenrollment.okgoogle": "caution",
    "com.android.hotwordenrollment.xgoogle": "caution",
    "com.android.printspooler": "caution",
    "com.android.sharedstoragebackup": "caution",
    "com.dsi.ant.plugins.antplus": "caution",
    "com.dsi.ant.sample.acquirechannels": "caution",
    "com.dsi.ant.server": "caution",
    "com.dsi.ant.service.socket": "caution",
    "com.google.android.gms.location.history": "caution",
    "com.google.android.inputmethod.latin": "caution",
    "com.google.android.marvin.talkback": "caution",
    "com.google.android.printservice.recommendation": "caution",
    "com.google.android.syncadapters.contacts": "caution",
    "com.google.android.tts": "caution",
    "com.google.ar.core": "caution",
    "com.google.vr.vrcore": "caution",
    "com.milink.service": "caution",
    "com.miui.accessibility": "caution",
    "com.miui.aod": "caution",
    "com.miui.audioeffect": "caution",
    "com.miui.audiomonitor": "caution",
    "com.miui.backup": "caution",
    "com.miui.carlink": "caution",
    "com.miui.cit": "caution",
    "com.miui.cloudbackup": "caution",
    "com.miui.cloudservice": "caution",
    "com.miui.cloudservice.sysbase": "caution",
    "com.miui.daemon": "caution",
    "com.miui.face": "caution",
    "com.miui.face.overlay.miui": "caution",
    "com.miui.freeform": "caution",
    "com.miui.maintenancemode": "caution",
    "com.miui.micloudsync": "caution",
    "com.miui.miservice": "caution",
    "com.miui.misound": "caution",
    "com.miui.miwallpaper": "caution",
    "com.miui.powerkeeper": "caution",
    "com.miui.touchassistant": "caution",
    "com.miui.tsmclient": "caution",
    "com.miui.voiceassist": "caution",
    "com.miui.voiceassistoverlay": "caution",
    "com.miui.voicetrigger": "caution",
    "com.miui.vsimcore": "caution",
    "com.miui.wmsvc": "caution",
    "com.mobiletools.systemhelper": "caution",
    "com.qualcomm.uimremoteserver": "caution",
    "com.tencent.soter.soterserver": "caution",
    "com.trustonic.tuiservice": "caution",
    "com.xiaomi.aiasst.service": "caution",
    "com.xiaomi.aiasst.vision": "caution",
    "com.xiaomi.bluetooth": "caution",
    "com.xiaomi.gnss.polaris": "caution",
    "com.xiaomi.joyose": "caution",
    "com.xiaomi.location.fused": "caution",
    "com.xiaomi.metoknlp": "caution",
    "com.xiaomi.mi_connect_service": "caution",
    "com.xiaomi.micloud.sdk": "caution",
    "com.xiaomi.miplay_client": "caution",
    "com.xiaomi.mirror": "caution",
    "com.xiaomi.powerchecker": "caution",
    "com.xiaomi.simactivate.service": "caution",
    "com.xiaomi.xmsf": "caution",
    "com.xiaomi.xmsfkeeper": "caution",
    "com.xiaomi.market": "caution",
    
    "// GOOGLE SERVICES - REQUIRED FOR PLAY STORE ECOSYSTEM": "",
    "com.google.android.gms": "google",
    "com.google.android.gsf": "google",

    "// SAFE TO REMOVE - NON-ESSENTIAL APPS": "",
    "cn.wps.xiaomi.abroad.lite": "safe",
    "com.alibaba.aliexpresshd": "safe",
    "com.amazon.appmanager": "safe",
    "com.amazon.fv": "safe",
    "com.amazon.kindle": "safe",
    "com.amazon.mShop.android": "safe",
    "com.amazon.mShop.android.shopping": "safe",
    "com.amazon.mp3": "safe",
    "com.amazon.venezia": "safe",
    "com.android.bookmarkprovider": "safe",
    "com.android.browser": "safe",
    "com.android.chrome": "safe",
    "com.android.dreams.basic": "safe",
    "com.android.dreams.phototable": "safe",
    "com.android.egg": "safe",
    "com.android.email": "safe",
    "com.android.exchange": "safe",
    "com.android.providers.partnerbookmarks": "safe",
    "com.android.providers.userdictionary": "safe",
    "com.android.stk": "safe",
    "com.android.wallpaper.livepicker": "safe",
    "com.android.wallpaperbackup": "safe",
    "com.android.wallpapercropper": "safe",
    "com.att.android.attsmartwifi": "safe",
    "com.audible.application": "safe",
    "com.block.puzzle.game.hippo.mi": "safe",
    "com.blurb.checkout": "safe",
    "com.booking": "safe",
    "com.cequint.ecid": "safe",
    "com.cnn.mobile.android.phone.edgepanel": "safe",
    "com.crazy.juicer.xm": "safe",
    "com.diotek.sec.lookup.dictionary": "safe",
    "com.duokan.phone.remotecontroller": "safe",
    "com.enhance.gameservice": "safe",
    "com.facebook.appmanager": "safe",
    "com.facebook.katana": "safe",
    "com.facebook.services": "safe",
    "com.facebook.system": "safe",
    "com.flipboard.app": "safe",
    "com.flipboard.boxer.app": "safe",
    "com.google.android.apps.books": "safe",
    "com.google.android.apps.docs": "safe",
    "com.google.android.apps.googleassistant": "safe",
    "com.google.android.apps.magazines": "safe",
    "com.google.android.apps.maps": "safe",
    "com.google.android.apps.plus": "safe",
    "com.google.android.apps.subscriptions.red": "safe",
    "com.google.android.apps.tachyon": "safe",
    "com.google.android.apps.walletnfcrel": "safe",
    "com.google.android.apps.wellbeing": "safe",
    "com.google.android.apps.youtube.music": "safe",
    "com.google.android.calendar": "safe",
    "com.google.android.gm": "safe",
    "com.google.android.googlequicksearchbox": "safe",
    "com.google.android.music": "safe",
    "com.google.android.projection.gearhead": "safe",
    "com.google.android.talk": "safe",
    "com.google.android.videos": "safe",
    "com.google.android.youtube": "safe",
    "com.gotv.nflgamecenter.us.lite": "safe",
    "com.hancom.office.editor.hidden": "safe",
    "com.imdb.mobile": "safe",
    "com.infraware.polarisoffice5": "safe",
    "com.jewelsblast.ivygames.Adventure.free": "safe",
    "com.linkedin.android": "safe",
    "com.logame.eliminateintruder3d": "safe",
    "com.longcheertel.AutoTest": "safe",
    "com.longcheertel.cit": "safe",
    "com.longcheertel.sarauth": "safe",
    "com.mi.android.globalFileexplorer": "safe",
    "com.mi.android.globalpersonalassistant": "safe",
    "com.mi.android.globalminusscreen": "safe",
    "com.mi.global.pocobbs": "safe",
    "com.mi.global.pocostore": "safe",
    "com.mi.globalbrowser": "safe",
    "com.mi.globallayout": "safe",
    "com.mi.healthglobal": "safe",
    "com.micredit.in": "safe",
    "com.microsoft.appmanager": "safe",
    "com.microsoft.office.excel": "safe",
    "com.microsoft.office.officehubrow": "safe",
    "com.microsoft.office.outlook": "safe",
    "com.microsoft.office.powerpoint": "safe",
    "com.microsoft.office.word": "safe",
    "com.microsoft.skydrive": "safe",
    "com.mintgames.triplecrush.tile.fun": "safe",
    "com.mintgames.wordtrip": "safe",
    "com.mipay.wallet.id": "safe",
    "com.mipay.wallet.in": "safe",
    "com.miui.analytics": "safe",
    "com.miui.android.fashiongallery": "safe",
    "com.miui.bugreport": "safe",
    "com.miui.calculator": "safe",
    "com.miui.compass": "safe",
    "com.miui.contentcatcher": "safe",
    "com.miui.fm": "safe",
    "com.miui.fmservice": "safe",
    "com.miui.gallery": "safe",
    "com.miui.huanji": "safe",
    "com.miui.hybrid": "safe",
    "com.miui.hybrid.accessory": "safe",
    "com.miui.mediaeditor": "safe",
    "com.miui.mediaviewer": "safe",
    "com.miui.mishare.connectivity": "safe",
    "com.miui.miwallpaper.overlay": "safe",
    "com.miui.miwallpaper.overlay.customize": "safe",
    "com.miui.msa.global": "safe",
    "com.miui.nextpay": "safe",
    "com.miui.notes": "safe",
    "com.miui.personalassistant": "safe",
    "com.miui.phrase": "safe",
    "com.miui.player": "safe",
    "com.miui.smsextra": "safe",
    "com.miui.systemAdSolution": "safe",
    "com.miui.translation.kingsoft": "safe",
    "com.miui.translation.xmcloud": "safe",
    "com.miui.translation.youdao": "safe",
    "com.miui.translationservice": "safe",
    "com.miui.userguide": "safe",
    "com.miui.videoplayer": "safe",
    "com.miui.weather2": "safe",
    "com.miui.yellowpage": "safe",
    "com.mobeam.barcodeService": "safe",
    "com.monotype.android.font.chococooky": "safe",
    "com.monotype.android.font.cooljazz": "safe",
    "com.monotype.android.font.foundation": "safe",
    "com.monotype.android.font.rosemary": "safe",
    "com.mygalaxy": "safe",
    "com.netflix.mediaclient": "safe",
    "com.netflix.partner.activation": "safe",
    "com.nf.snake": "safe",
    "com.nuance.swype.input": "safe",
    "com.opera.browser": "safe",
    "com.opera.max.oem": "safe",
    "com.opera.preinstall": "safe",
    "com.osp.app.signin": "safe",
    "com.policydm": "safe",
    "com.qti.qcc": "safe",
    "com.samsung.android.bixby.agent": "safe",
    "com.samsung.android.app.spage": "safe",
    "com.sec.android.app.myfiles": "safe",
    "com.sec.android.app.sbrowser": "safe",
    "com.sec.android.app.shealth": "safe",
    "com.singtel.mysingtel": "safe",
    "com.skms.android.agent": "safe",
    "com.skype.raider": "safe",
    "com.sohu.inputmethod.sogou.xiaomi": "safe",
    "com.spotify.music": "safe",
    "com.sukhavati.gotoplaying.bubble.BubbleShooter.mint": "safe",
    "com.test.LTEfunctionality": "safe",
    "com.touchtype.swiftkey": "safe",
    "com.tripadvisor.tripadvisor": "safe",
    "com.unionpay.tsmservice.mi": "safe",
    "com.verizon.loginengine": "safe",
    "com.vlingo.midas": "safe",
    "com.wssnps": "safe",
    "com.xiaomi.ab": "safe",
    "com.xiaomi.calendar": "safe",
    "com.xiaomi.gamecenter.sdk.service": "safe",
    "com.xiaomi.glgm": "safe",
    "com.xiaomi.midrop": "safe",
    "com.xiaomi.migameservice": "safe",
    "com.xiaomi.mipicks": "safe",
    "com.xiaomi.mircs": "safe",
    "com.xiaomi.mirecycle": "safe",
    "com.xiaomi.payment": "safe",
    "com.xiaomi.scanner": "safe",
    "com.xiaomi.smarthome": "safe",
    "com.zhiliaoapp.musically": "safe",
    "org.mipay.android.manager": "safe"
  }
}
